First Name,Last Name,Email,Password,Secondary Email,Phone,Department
William,Wheeler,wwheeler1@bigcartel.com,T1BLMt,bjordan1b@chronoengine.com,850-(764)613-0375,Research and Development
Heather,Mcdonald,hmcdonald2@edublogs.org,SCd99WrCk,dmontgomery1c@tripod.com,86-(543)742-7185,Support
Paul,Simpson,psimpson3@hugedomains.com,BY72WKBII,msimmons1d@skype.com,62-(622)931-6737,Training
Gregory,Ray,gray4@nationalgeographic.com,rVr0HlK,jmiller1e@blinklist.com,86-(841)180-7052,Engineering
Paul,Snyder,psnyder5@cnet.com,exodSF,lryan1f@tuttocitta.it,255-(146)306-6959,Training
Sean,Elliott,selliott6@github.io,cKmbuqn5D8,mbarnes1g@chron.com,380-(365)184-4496,Support
Robin,Mitchell,rmitchell7@google.cn,RiGim68N,krichards1h@de.vu,86-(477)739-8011,Sales
Angela,Mills,amills8@senate.gov,PsWRD8tu8hS,nkim1i@sfgate.com,7-(475)370-4846,Research and Development
Shawn,Gibson,sgibson9@uiuc.edu,g3wn74ifSXt,fvasquez1j@bing.com,63-(760)826-8495,Engineering
Victor,Gonzalez,vgonzaleza@netscape.com,lrH4mqzqbiJh,rschmidt1k@wisc.edu,86-(282)672-1120,Research and Development
Christopher,Bradley,cbradleyb@sciencedirect.com,jKrPHXxU,rwilson1l@un.org,256-(319)626-4374,Research and Development
Helen,Wright,hwrightc@wordpress.com,nmD6unjNMG,kowens1m@prweb.com,380-(672)540-9846,Support
Ralph,Porter,rporterd@nationalgeographic.com,d318tg,cgordon1n@merriam-webster.com,86-(315)220-7491,Support
Andrea,Smith,asmithe@marketwatch.com,wmJ1I9NS,arodriguez1o@about.com,86-(725)655-3510,Legal
Theresa,Holmes,tholmesf@seattletimes.com,avDHbzpR,lperry1p@t.co,86-(255)397-3358,Human Resources
Janet,Sims,jsimsg@nydailynews.com,I4OFH3nMXD,dhughes1q@umich.edu,30-(496)921-8283,Services
Jessica,Schmidt,jschmidth@reverbnation.com,LnjPWpbX0,jbradley1r@de.vu,30-(398)641-7682,Accounting
Ruby,Lewis,rlewisi@digg.com,eG75LUP,jgonzalez1s@yale.edu,84-(416)166-9273,Product Management
Catherine,Chapman,cchapmanj@nbcnews.com,3XfD88dpW7N,sduncan1t@oaic.gov.au,358-(336)589-6659,Legal
Evelyn,Oliver,eoliverk@typepad.com,spGRwcZ,lwalker1u@hp.com,45-(932)654-4205,Business Development
Ralph,Armstrong,rarmstrongl@ucla.edu,7Zz5KX5,mhowell1v@4shared.com,7-(121)635-0979,Accounting
Jeffrey,Medina,jmedinam@usnews.com,i0xoC6YTx,vwagner1w@msn.com,504-(237)578-1718,Legal
Nicole,Holmes,nholmesn@icio.us,lx6R5h,jcox1x@nbcnews.com,63-(589)625-5381,Training
Lillian,Hayes,lhayeso@qq.com,dDWkpy,rlynch1y@pagesperso-orange.fr,57-(381)105-5817,Engineering
Brenda,Wilson,bwilsonp@bbc.co.uk,X2iBs9H,dcastillo1z@china.com.cn,55-(762)851-7270,Training
Gregory,Jacobs,gjacobsq@ovh.net,Sbf9Nv,bwood20@bloglines.com,66-(437)204-2659,Services
Charles,Matthews,cmatthewsr@blinklist.com,WoVroc8khfb,rmarshall21@symantec.com,255-(118)586-1359,Human Resources
Bonnie,Holmes,bholmess@issuu.com,tK8xsdm3f6,atorres22@whitehouse.gov,62-(387)162-6648,Human Resources
George,Ellis,gellist@microsoft.com,dHIUa1DTH,jstanley23@nba.com,86-(488)622-2399,Marketing
Shawn,Henry,shenryu@paypal.com,gIazDs5,cgrant24@google.nl,380-(101)372-8696,Business Development
Chris,Rose,crosev@cbsnews.com,OCoteLJM,jowens25@fastcompany.com,53-(699)217-4110,Product Management
Victor,Sanders,vsandersw@tiny.cc,uOXD0bf,rwilson26@macromedia.com,63-(807)554-5409,Product Management
Diane,Perry,dperryx@stumbleupon.com,81Mybp,kburke27@uiuc.edu,46-(716)699-1541,Business Development
Janet,Daniels,jdanielsy@slate.com,463Xv6QRzmJO,kmcdonald28@princeton.edu,48-(145)271-7829,Marketing
Philip,West,pwestz@devhub.com,GHuKst4Ql1L9,gandrews29@addthis.com,55-(502)787-0774,Engineering
David,Williamson,dwilliamson10@paginegialle.it,j5h0uoycK,vgrant2a@economist.com,380-(106)971-5137,Legal
Fred,Gonzales,fgonzales11@mail.ru,hoSmOAPW,mmartin2b@wunderground.com,63-(653)941-8400,Sales
Bruce,Willis,bwillis12@instagram.com,WpSbQFhPZ6,ttorres2c@cbsnews.com,54-(328)321-8771,Marketing
Juan,Larson,jlarson13@imdb.com,ukmf4hrz9rJN,bdavis2d@sciencedaily.com,351-(685)768-1866,Marketing
Paula,Reyes,preyes14@npr.org,2tJHclmbisCL,hdixon2e@diigo.com,94-(336)664-4227,Legal
Phillip,Coleman,pcoleman15@independent.co.uk,GDuc53pSO,plittle2f@blogtalkradio.com,62-(835)713-0349,Sales
Emily,Hansen,ehansen16@feedburner.com,TfLvPiG,tpowell2g@bizjournals.com,220-(850)967-9147,Research and Development
Julia,Torres,jtorres17@dailymail.co.uk,3GcqAK07vgVG,rcarroll2h@cpanel.net,7-(714)743-3315,Marketing
Paul,Cole,pcole18@homestead.com,pCiSlL9y8II,nbanks2i@reference.com,63-(648)632-1351,Research and Development
Earl,Hayes,ehayes19@mtv.com,TfLvPiG,dmoreno2j@alibaba.com,86-(592)252-7827,Product Management
Douglas,Wheeler,psanders2m@tuttocitta.it,3GcqAK07vgVG,jmason2k@infoseek.co.jp,1-(902)234-2670,Research and Development
Bruce,Jordan,salvarez2n@columbia.edu,pCiSlL9y8II,ggonzalez2l@chronoengine.com,62-(284)346-7712,Training
